{"loss": 3.629575171790565, "epoch": 2, "_runtime": 1155, "_timestamp": 1621612965, "_step": 5, "val top-1 acc": 24.26070971867008, "val top-5 acc": 48.42014166400256}