{"loss": 4.516559406591299, "epoch": 1, "_runtime": 777, "_timestamp": 1621612587, "_step": 3, "val top-1 acc": 19.766773897058822, "val top-5 acc": 41.72007372921995}