{"loss": 3.629575171790565, "epoch": 2, "_runtime": 1036, "_timestamp": 1621612846, "_step": 4, "val top-1 acc": 19.766773897058822, "val top-5 acc": 41.72007372921995}